title,url
【本質】プログラミング学習で初心者が本当に学ぶべきこと,https://www.youtube.com/embed/FdI9w8O15xs
プログラミング学習でモチベーションを下げない方法,https://www.youtube.com/embed/qH32Bv4uCWo
プログラマーへの転職を成功させるために僕が実践したSNS・ブログの活用法,https://www.youtube.com/embed/ZmYaLc3tjxw
アラサーからプログラマーになりたいなら捨てる勇気を持とう,https://www.youtube.com/embed/cflR0aDGgmU
【まずはここを目指せ】プログラミングスキルを活用して個人で月10万稼ぐ方法,https://www.youtube.com/embed/Ehpl7qCag_0
プログラミングは応用力が命,https://www.youtube.com/embed/crhpV_5eCLg
上司の言うことだけを聞いていても決して稼げるようにはならない理由,https://www.youtube.com/embed/GQ81KMGD52Q
プログラマーになるためにポートフォリオは必要なのか？？,https://www.youtube.com/embed/8fDQXlO7a2U
アラサーの僕が実務経験1年でフリーランスエンジニアとして独立できた理由,https://www.youtube.com/embed/Yawrrgcvg5Y
ITスキルを身につけると人生の自由度が上がる理由,https://www.youtube.com/embed/pIjZ51xajkA
「まずは副業からやりたい」というプログラミング初心者に言いたいこと,https://www.youtube.com/embed/WuHr7lXA5ck
テストを意識した開発をしよう！,https://www.youtube.com/embed/bqpOaNMjyGM
プログラミング初心者は「転職」にこだわる必要はないと思う,https://www.youtube.com/embed/REarzWz5310
アラサーがプログラマー転職の面接で必ず聞かれる質問とその対策,https://www.youtube.com/embed/p_8ZeMsiol0
アラサーからプログラマーに転職するのは何も特別なことではない,https://www.youtube.com/embed/=ZzAOf0EFYwg
アラサーがプログラマーに転職したい理由堂々の第1位,https://www.youtube.com/embed/yrg4gTOisbg
プログラマー転職の面接をイージーモードに変える方法,https://www.youtube.com/embed/JB5Qr2-76ZU
一人でプログラミングやってて楽しいですか？,https://www.youtube.com/embed/FpljmPi8v4o
プログラミングの挫折を防ぐのは簡単,https://www.youtube.com/embed/FO7nZcj1-3U
【Ruby基礎】初心者必見！！！遅咲プログラマーの好きな食べ物を判定するプログラムの作り方,https://www.youtube.com/embed/-hhjtDmN5xg
【Ruby基礎】引数にデフォルト値を設定すると処理が柔軟になる,https://www.youtube.com/embed/iR857qDUMy8
【Ruby基礎】Railsでも使用するprivateの使い方,https://www.youtube.com/embed/XNk80CL6CJE
【Ruby基礎】インスタンス変数とは,https://www.youtube.com/embed/5tXUSOkih-0
【Ruby基礎】ifとunlessの使い分けについて,https://www.youtube.com/embed/ELGyMObkyIg
【Ruby基礎】初心者が混乱しやすいハッシュの色んな書き方,https://www.youtube.com/embed/opAIvKfo9EM